path,bytes,sha256
.gitignore,56,fcba694fa0d3825d0c8e138c3f9a4e07eeb9122342ff819e370a386842552731
.nojekyll,0,e3b0c44298fc1c149afbf4c8996fb92427ae41e4649b934ca495991b7852b855
README.md,4570,59bca35c21a7dbd904b99ec7fdaa6940846539d7e14110afd56c4c029292c418
README_CN.md,2279,f0bc6d798053fc2b5aa0c6aa8b064f6600ecbd5e86c93a196ed8d818a279b726
START_HERE_CN.md,542,841ff1920806e5429d375e97963da625dd1ea4c9a6305aa12e6cddba973d279e
assets/images/biology-kingdom.png,2762588,6201cb1e15f92a164776364f9a3c9c211d8d076176df16a505462894b19f241e
assets/images/cast-preview.png,1759710,472a6941ef592132a02da5be418381ddeb9718a8aa9ab07e7cbb9c197c3a36d2
assets/images/logo.png,318538,d8f7b24b90afcf913839147c4f787d474ce7a7fb3483d3a8cbbbf80d30077463
assets/images/ribosome-character.png,3671797,aea47451c69ce3ec86b188fa5058848cd0d3cf75eb4394c6119bc4ff1941b281
assets/images/student-character.png,6952512,38fd8045be3de187c2adaaf786f56bd55609b9f963e47708f2798646a219feae
assets/models/chloroplast.blend,1740204,1c5cf2eb5ce3336200f85f629a38082b2d65fe4cde44350d04cf6e9a409686a9
assets/models/chloroplast.glb,167836,3f9c55019888adbd356f356dbeb4fa4fe65a7da8378f766c6824d7ba02ff1d2e
assets/models/light-reactions.blend,8285596,14f302e00c4fa7a007e0f2d0c1fb0aa87e8338d4deb180a312f600da022e2c4a
assets/models/light-reactions.glb,1216220,3fb85cc63a66c8b4526ce20632af84e424cb4ce1beaea5b9a3ebee4e103a0a05
assets/models/mitochondrion.blend,2005684,165137740d58be76fdcd1ee548c933bd668b543a758e589026bf488608277fdc
assets/models/mitochondrion.glb,316524,217ea2a7e6e3dbbe3c2c2f3a6975f1c679917f9f07571ceef266c166f9cf8e9b
assets/models/model-data.js,2784919,9f893af40ffe3c9dee39ca3b50bcb25b852634e86f34d121dad8cf795daad8cd
assets/models/model-manifest.json,1114,a788ec335d71525ffa455e78ff6185891c81addd86b94d253f846e699c18af2b
assets/models/respiratory-etc.blend,8258940,a0212822783d67fe3e554609f1774e829f591367da614a1dc547899d90816810
assets/models/respiratory-etc.glb,1206348,ed7edb188ff5cddb4582a5112c1a28cf5a2b56ff0f282b2729b03b2a36698300
assets/videos/etc-demo.mp4,184905,1479c0d7a78be8fb23acc0bbb872be3427aebc1046aa571696cfb87871f9e6c8
assets/videos/etc-step-1.mp4,380979,58829a8eeb147e0ba71be192181983012a13d9b92af6d11fd0f2e1c00d39c569
assets/videos/etc-step-2.mp4,96115,da03aafd1080b61dea123a0c81dca609380424f715bb118f72cc888dba102cb9
assets/videos/etc-step-3.mp4,431583,dc4a3db5f1b8a6d8a55e106f4aa46e484fbd0c0e5cd2b7b9fe439656189ff11c
assets/videos/etc-step-4.mp4,397595,6e0a0473183fe5e591c0b04433252ad774e5cb45753a05abdcc4c15cf7407062
data/curriculum.js,74230,029a3b051813401765342ffc2d4420eef7953c35437955726cdb07da499e1a4e
data/curriculum.json,74206,70cb29fedd1c94fb4947aaf66124aa782fa97d58bc41dbe9ee1a6219227c6504
docs/ASSET_GAPS_CN.md,2137,6d5169c998ec9dd8b8e70e18906a4b42e4601c36346f63182263456854c20e93
docs/ASSET_MANIFEST.csv,2965,50e24c610cfe0e7f1e339d8dd7bb6f3da5808aa792d9b951ec2e6c64a8e5cb91
docs/CURRICULUM_CN.md,3888,174b8642f1525ef1688efbe891059b923c9c6c518ae366e9f99f7e5e5595bba6
docs/EDITING_CN.md,1527,bac9c0d08d06c29a4e5aaa7528976ad73e3a6b676958d52c47b0eb16d7e69971
docs/GITHUB_UPLOAD_CN.md,3836,7f05077db004487609e65c62b696ccd22ef2c182cc1189ac0573de326f506a65
docs/MODELS_CN.md,2131,881d2746d3e36ddb36a180b749d97c8e3f7f7381995383f0f785e6d0040a79d2
docs/SOURCE_INVENTORY.csv,28686,c693bb91d45ee5c7620bb12907612cb824173d9c39a12a67535be7b74819dc4c
docs/SOURCE_REVIEW_CN.md,3808,c835661c44c85aaad7fef8e716f384c72a46708e1eaf00a5bed55c81b156a751
docs/STUDY_GUIDE.md,37912,bd91c3de1943a6573df72e8fe1c8b6135b3dddb3ed938ef22f898ab20d907b13
docs/TEST_REPORT.md,3123,3cf5065eb020b19c91ed9e91a6eeeb9ee5d3d2855d29892742061b145e4c8f6b
docs/qa-results.json,6955,32acf1e13b05a715136df910bf472e9d878f1d6848e94489202c02de615df1f1
index.html,3746,7e82f4d0785a676793f71aebca588dc93dc3e6f9ebb26dd3983e6fabbe50efc2
learning.js,7483,2de091fa4ec9c62fcb4e73acce3d63c2c4787309ffd0058a6495e16e4698b701
project.json,354,74e48bd6aae1e71e9c7c221799796defb51894acaaf2c95766e3c9f79f955e1e
reference-design/UI-design.pdf,4829199,e3ebb710c34e6b27562bb7fde30b0f2c6546d318d2dfa5250bacf3eea9883ae2
reference-design/index_1.html,132576,6515e898f10897a55190fdb66fc89ab70468ad5d4a9914a8bd96e0a4bdfc5f11
reference-design/script.js,269169,2884f6661be939cb0de86054b3fe1fcd8fa5a7e0f6ace2e81990871e788010eb
reference-design/style.css,102901,145e1bc41bad45b22318c187d33b623d84ebc1df52d55956b7253a6d7da295e0
script.js,38581,3744d079bced05f5e73e0e2f607fd1ba686db9d2ab95ed1700293ffd0ffc5988
style.css,21718,7ef559d9904927bda1ff27e1ca9d3b65b6ab199afbb3374a0ee1884c9a3453d3
tools/build_curriculum.py,50108,5dc8dcefd783ece65ca60d2dbe78273b3542215d798b17e53bd92f08da47a434
tools/build_models.py,12518,2d2627c661ccfc5d36f1015b28fb6d65086ca8c5ea94ad3f7f740c1a4f115c71
tools/verify_models.py,480,d868443da5667a26a7c478bbfc0b0419c6941c123a0ea14b8a15bf65e3a0d20c
tools/verify_site.cjs,17195,b60d7cacc8e85fd5b274e0e69e4efb1406e4fb6e16d326f3d9ab1dac8d263a3a
vendor/THREE-LICENSE.txt,1081,852e0e8699169bf9f6fdc6bda3e682d078dcbc738b5d33e74df594721bff271d
vendor/three.min.js,669884,170c6789f43217c96b3170f4b42fafe135de7f7cd48497a4218f9757ee1d49fa
viewer.js,6583,a09e00413ab424a68fa552c061a3ceb6f208abef30cd164b710c7c34d6bf2b87
