压缩包,文件路径,文件类型,大小(bytes),SHA256
Test 1(1).zip,Test 1/访谈（教师）.pdf,.pdf,572963,7581f3a25497e3c52c13830de5e68be365f62ab4e3de46310f6e9e70f48111f0
Test 1(1).zip,Test 1/访谈（生物学生1）.pdf,.pdf,550747,708074f5991c26d656a6a130583f180a673792e5f2b19db2ee22a71f90db9934
Test 1(1).zip,Test 1/访谈（生物学生2）.pdf,.pdf,564164,87078a31ea507b6d4a0c5d7c61ebd0f2918ecb3fa359e3027e2a3c53a6bcbed9
Test 1(1).zip,Test 1/访谈（非生物学生1）.pdf,.pdf,377181,240967244bd80791831874e1c0400b4520646398849f707c64778a4f2bee5d67
Test 1(1).zip,Test 1/访谈（非生物学生2）.pdf,.pdf,300804,62d6da5d811e6d9ade5903f4f1d2d59bdf784de30d88203db07c3b7f97a6c32c
Test 1(1).zip,Test 1/访谈（非生物学生3）.pdf,.pdf,299838,717789568e9c0604db025b3a9541dc2464c260ff640978b39a76ddecff0bf84c
Reference.zip,"Reference/Campbell Biology, 12th Edition(1).pdf",.pdf,196294873,9defddfbd2b65ee0718c16bdd12bf7e4e71acb677f514a4bf332b05d028d9aec
Reference.zip,Reference/Chapter9&10.pdf,.pdf,6349618,963a2029582c297db11149dd640e9773dcfe446d3023e62b20e89c06ad8f5f76
Reference.zip,Reference/Photosynthesis.pdf,.pdf,2539635,d104c6d7ebcc5bcf212909481e24c0aae893c1f44eddd28c0f60fe78dbd9f331
Reference.zip,Reference/Respiration.pdf,.pdf,3340443,ce5aa9f12d4816d6fdfa8b420ec4534fbeb3c5b5f1e9ffa7815df4dde4334534
Platform Demo.zip,Platform Demo/BioVision/BioVision Edu UI design 1.0(1).pdf,.pdf,4829199,e3ebb710c34e6b27562bb7fde30b0f2c6546d318d2dfa5250bacf3eea9883ae2
Platform Demo.zip,Platform Demo/BioVision/BioVision Edu UI design 1.0(1)_1.pdf,.pdf,4829199,e3ebb710c34e6b27562bb7fde30b0f2c6546d318d2dfa5250bacf3eea9883ae2
Platform Demo.zip,Platform Demo/BioVision/ETC video.mp4,.mp4,184905,1479c0d7a78be8fb23acc0bbb872be3427aebc1046aa571696cfb87871f9e6c8
Platform Demo.zip,Platform Demo/BioVision/index.html,.html,133234,6ab056a3f2c3c26e7a5a54c945009aa4fcb4aa5d753cf5a2865582b3ef006b11
Platform Demo.zip,Platform Demo/BioVision/index_1.html,.html,132576,6515e898f10897a55190fdb66fc89ab70468ad5d4a9914a8bd96e0a4bdfc5f11
Platform Demo.zip,Platform Demo/BioVision/introduce.mp4,.mp4,103700,f06006cb01f170beaac0f37e54041c5a68297a24092435105301c5e9735d3b5b
Platform Demo.zip,Platform Demo/BioVision/logo.png,.png,318538,d8f7b24b90afcf913839147c4f787d474ce7a7fb3483d3a8cbbbf80d30077463
Platform Demo.zip,Platform Demo/BioVision/logo_1.png,.png,318538,d8f7b24b90afcf913839147c4f787d474ce7a7fb3483d3a8cbbbf80d30077463
Platform Demo.zip,Platform Demo/BioVision/README.md,.md,25,68491a26442e1b9d2fc30985a5b8a57d602dae5310a9ad1fec830b2b785dfd88
Platform Demo.zip,Platform Demo/BioVision/README_1.md,.md,25,68491a26442e1b9d2fc30985a5b8a57d602dae5310a9ad1fec830b2b785dfd88
Platform Demo.zip,Platform Demo/BioVision/script.js,.js,269169,2884f6661be939cb0de86054b3fe1fcd8fa5a7e0f6ace2e81990871e788010eb
Platform Demo.zip,Platform Demo/BioVision/script_1.js,.js,270401,46bf58bfc0d3ca96514de178685f7cf6f62e664006ec578fac3f194bcf574838
Platform Demo.zip,Platform Demo/BioVision/step1.mp4,.mp4,380979,58829a8eeb147e0ba71be192181983012a13d9b92af6d11fd0f2e1c00d39c569
Platform Demo.zip,Platform Demo/BioVision/step2.mp4,.mp4,96115,da03aafd1080b61dea123a0c81dca609380424f715bb118f72cc888dba102cb9
Platform Demo.zip,Platform Demo/BioVision/step3.mp4,.mp4,431583,dc4a3db5f1b8a6d8a55e106f4aa46e484fbd0c0e5cd2b7b9fe439656189ff11c
Platform Demo.zip,Platform Demo/BioVision/step4.mp4,.mp4,397595,6e0a0473183fe5e591c0b04433252ad774e5cb45753a05abdcc4c15cf7407062
Platform Demo.zip,Platform Demo/BioVision/style.css,.css,102901,145e1bc41bad45b22318c187d33b623d84ebc1df52d55956b7253a6d7da295e0
Platform Demo.zip,Platform Demo/BioVision/style_1.css,.css,103060,d07c95d764091c6864ad61bef4018289fa9c6872a45fea42484b2ad226c7ce16
Platform Demo.zip,Platform Demo/BioVision/Weekly Plan(1).docx,.docx,22915,35f392c47974f99b3eb184625e507a6f7ca9a287dffa0273eeecb88f3a1a2410
Platform Demo.zip,Platform Demo/BioVision/Weekly Plan(1)_1.docx,.docx,22915,35f392c47974f99b3eb184625e507a6f7ca9a287dffa0273eeecb88f3a1a2410
Platform Demo.zip,Platform Demo/BioVision/网页修改.docx,.docx,11417,7662353c3e6ebbe9452fa67fae1cd7833ef290c2093f656a85455ebb7b8e2309
Platform Demo.zip,Platform Demo/BioVision/网页修改_1.docx,.docx,11417,7662353c3e6ebbe9452fa67fae1cd7833ef290c2093f656a85455ebb7b8e2309
Platform Demo.zip,Platform Demo/BioVision - 副本/BioVision Edu UI design 1.0(1).pdf,.pdf,4829199,e3ebb710c34e6b27562bb7fde30b0f2c6546d318d2dfa5250bacf3eea9883ae2
Platform Demo.zip,Platform Demo/BioVision - 副本/index.html,.html,132180,1e3843ca677ca38fec34a03408f46ce06c6d9aa7acdcdc17aab1e2ae85f68c56
Platform Demo.zip,Platform Demo/BioVision - 副本/pattern.jpg,.jpg,53618,1c34facb011ebe0d2194dce66c3a17a7caacfbdf763cfcfd6097d3861d17b0c8
Platform Demo.zip,Platform Demo/BioVision - 副本/README.md,.md,25,68491a26442e1b9d2fc30985a5b8a57d602dae5310a9ad1fec830b2b785dfd88
Platform Demo.zip,Platform Demo/BioVision - 副本/script.js,.js,261808,534915158db37d47b163c3a89c6176006c2595b78d40a2ce9e8ddb8ebc2fadbc
Platform Demo.zip,Platform Demo/BioVision - 副本/style.css,.css,98900,6d7016f0c41beb2ad04bff93f4236f705ea556d2130254798d560fa09c2155e3
Platform Demo.zip,Platform Demo/BioVision - 副本/网页修改.docx,.docx,11417,7662353c3e6ebbe9452fa67fae1cd7833ef290c2093f656a85455ebb7b8e2309
Platform Demo.zip,Platform Demo/BioVision.zip,.zip,10632878,e1c9bc18f3e455b4f3c13234970ecf87467e15d18bf7054fcae0b57d040d3094
BioVision.zip,Platform Demo/BioVision-contents/BioVision/BioVision Edu UI design 1.0(1).pdf,.pdf,4829199,e3ebb710c34e6b27562bb7fde30b0f2c6546d318d2dfa5250bacf3eea9883ae2
BioVision.zip,Platform Demo/BioVision-contents/BioVision/BioVision Edu UI design 1.0(1)_1.pdf,.pdf,4829199,e3ebb710c34e6b27562bb7fde30b0f2c6546d318d2dfa5250bacf3eea9883ae2
BioVision.zip,Platform Demo/BioVision-contents/BioVision/ETC video.mp4,.mp4,184905,1479c0d7a78be8fb23acc0bbb872be3427aebc1046aa571696cfb87871f9e6c8
BioVision.zip,Platform Demo/BioVision-contents/BioVision/index.html,.html,133234,6ab056a3f2c3c26e7a5a54c945009aa4fcb4aa5d753cf5a2865582b3ef006b11
BioVision.zip,Platform Demo/BioVision-contents/BioVision/index_1.html,.html,132576,6515e898f10897a55190fdb66fc89ab70468ad5d4a9914a8bd96e0a4bdfc5f11
BioVision.zip,Platform Demo/BioVision-contents/BioVision/introduce.mp4,.mp4,103700,f06006cb01f170beaac0f37e54041c5a68297a24092435105301c5e9735d3b5b
BioVision.zip,Platform Demo/BioVision-contents/BioVision/logo.png,.png,318538,d8f7b24b90afcf913839147c4f787d474ce7a7fb3483d3a8cbbbf80d30077463
BioVision.zip,Platform Demo/BioVision-contents/BioVision/logo_1.png,.png,318538,d8f7b24b90afcf913839147c4f787d474ce7a7fb3483d3a8cbbbf80d30077463
BioVision.zip,Platform Demo/BioVision-contents/BioVision/README.md,.md,25,68491a26442e1b9d2fc30985a5b8a57d602dae5310a9ad1fec830b2b785dfd88
BioVision.zip,Platform Demo/BioVision-contents/BioVision/README_1.md,.md,25,68491a26442e1b9d2fc30985a5b8a57d602dae5310a9ad1fec830b2b785dfd88
BioVision.zip,Platform Demo/BioVision-contents/BioVision/script.js,.js,269169,2884f6661be939cb0de86054b3fe1fcd8fa5a7e0f6ace2e81990871e788010eb
BioVision.zip,Platform Demo/BioVision-contents/BioVision/script_1.js,.js,270401,46bf58bfc0d3ca96514de178685f7cf6f62e664006ec578fac3f194bcf574838
BioVision.zip,Platform Demo/BioVision-contents/BioVision/step1.mp4,.mp4,380979,58829a8eeb147e0ba71be192181983012a13d9b92af6d11fd0f2e1c00d39c569
BioVision.zip,Platform Demo/BioVision-contents/BioVision/step2.mp4,.mp4,96115,da03aafd1080b61dea123a0c81dca609380424f715bb118f72cc888dba102cb9
BioVision.zip,Platform Demo/BioVision-contents/BioVision/step3.mp4,.mp4,431583,dc4a3db5f1b8a6d8a55e106f4aa46e484fbd0c0e5cd2b7b9fe439656189ff11c
BioVision.zip,Platform Demo/BioVision-contents/BioVision/step4.mp4,.mp4,397595,6e0a0473183fe5e591c0b04433252ad774e5cb45753a05abdcc4c15cf7407062
BioVision.zip,Platform Demo/BioVision-contents/BioVision/style.css,.css,102901,145e1bc41bad45b22318c187d33b623d84ebc1df52d55956b7253a6d7da295e0
BioVision.zip,Platform Demo/BioVision-contents/BioVision/style_1.css,.css,103060,d07c95d764091c6864ad61bef4018289fa9c6872a45fea42484b2ad226c7ce16
BioVision.zip,Platform Demo/BioVision-contents/BioVision/Weekly Plan(1).docx,.docx,22915,35f392c47974f99b3eb184625e507a6f7ca9a287dffa0273eeecb88f3a1a2410
BioVision.zip,Platform Demo/BioVision-contents/BioVision/Weekly Plan(1)_1.docx,.docx,22915,35f392c47974f99b3eb184625e507a6f7ca9a287dffa0273eeecb88f3a1a2410
BioVision.zip,Platform Demo/BioVision-contents/BioVision/网页修改.docx,.docx,11417,7662353c3e6ebbe9452fa67fae1cd7833ef290c2093f656a85455ebb7b8e2309
BioVision.zip,Platform Demo/BioVision-contents/BioVision/网页修改_1.docx,.docx,11417,7662353c3e6ebbe9452fa67fae1cd7833ef290c2093f656a85455ebb7b8e2309
Platform Demo.zip,Platform Demo/Course Design/课程设计（初稿）.docx,.docx,23544,c18b2937116f754c4101cea3c8bf718d14626e220ecdcec75455c04b5b502d8e
Platform Demo.zip,Platform Demo/index.html,.html,133234,6ab056a3f2c3c26e7a5a54c945009aa4fcb4aa5d753cf5a2865582b3ef006b11
Platform Demo.zip,Platform Demo/UI design/BioVision Edu UI design 1.0.pdf,.pdf,4398772,d20e017f05ce7a94c5dc0ae11aff41e1ceb12c9cbca5e0f9cdacf7d50885cdaf
Paper.zip,Paper/20260118BioVision Edu.docx,.docx,16979,39cc9607d5c11a67e74851a7b55051a382e7e543a590666669ee6e3b05591739
Paper.zip,Paper/BioVision Edu lecture design 1.0.docx,.docx,21769,cb4ff9ed8dccee44828a5de30e659e2060ea4515199958094eae034dbeb22222
Paper.zip,Paper/IMG/Weixin Image_20251205164849.png,.png,212336,b25f61520c6d857a123aeacafe38bdde7c67bb60aa81365f1e6189cfaf338aa1
Paper.zip,Paper/IMG/Weixin Image_20251205164920.png,.png,219015,d46bb3d9e9c119a636af68c5bb83ed47387ff00540d7cb42f5f8a41e3b6ec347
Paper.zip,Paper/IMG/Weixin Image_20251205164926.png,.png,205368,612d264ea04e5511c34f86e131b6aa1de6d10b4926a2ecf54c9d9b3919f929a7
Paper.zip,Paper/IMG/Weixin Image_20251205164929.png,.png,2200614,c33adb11635020996e85a302fc89662d4ff253078519803009f56d794e19765c
Paper.zip,Paper/Weixin Image_20260126193812.png,.png,152762,6133dd3ca3d4ec6c35d7113675987df979c0f79acbcee248e08915cd781470a2
Paper.zip,Paper/Weixin Image_20260126193837.png,.png,1594132,1030c98319aae99cbc81bb05880f9fd024a3577c9508e2d0aa4c7e469e10e0cf
Paper.zip,Paper/Weixin Image_20260126193846.png,.png,1075021,dcb1038f8f2266b19a99a6becb10ec94ae7a6a42aa7f6ad7304d081ace7701d0
Paper.zip,Paper/Weixin Image_20260126193853.png,.png,1799192,096f8facc775d423628abc86615c9f0e5ea7a5d3315770a1f34a8d053902fb33
Paper.zip,Paper/Weixin Image_20260126194841.png,.png,5571828,e8a20a48b3268309597019ebf017b7344a7fc5f8105e740afb9bfed2e32d6350
Paper.zip,Paper/Weixin Image_20260126200811.jpg,.jpg,2718656,70d68b9323f371cd4ee672278d8ae20de03f002e4bc1e9650375e5c0d06698ac
Paper.zip,Paper/Weixin Image_20260126201412.jpg,.jpg,306662,8e8a0ad0a9da490da60124012a21d0e28fa2919b09f10bf53c603eeecaa33d49
Paper.zip,Paper/Weixin Image_20260126201417.jpg,.jpg,200409,f0f6e8b961b20a58bd3ddd60e763414274543fdf2b9de970fa06fd3cac9a0ca3
Paper.zip,Paper/Weixin Image_20260126203122.jpg,.jpg,225829,a3b95eebb46c34e4830a22a2ba1b2f22f839f360410704e224b75be06c669020
Paper.zip,Paper/Weixin Image_20260127191730.png,.png,7917881,e59cc8b1e9839d1e681f52ccd34abc1c6482001518be0ad56a0cc6014c1fd9fc
Paper.zip,Paper/Weixin Image_20260127195124.png,.png,212336,b25f61520c6d857a123aeacafe38bdde7c67bb60aa81365f1e6189cfaf338aa1
Paper.zip,Paper/Weixin Image_20260127195129.png,.png,2200614,c33adb11635020996e85a302fc89662d4ff253078519803009f56d794e19765c
Paper.zip,Paper/Weixin Image_20260128183902 - 副本.jpg,.jpg,8342384,1ee8dcdeb0826d17330a31d618626f789efbe4897dd44b67d78160ed7c92984e
Paper.zip,Paper/Weixin Image_20260128183902.jpg,.jpg,8342384,1ee8dcdeb0826d17330a31d618626f789efbe4897dd44b67d78160ed7c92984e
Paper.zip,Paper/Weixin Image_20260128194934 - 副本.jpg,.jpg,153998,f114b9d0d29944475905394b8d539c628bd2c84219d082b2174ba55d75e4d014
Paper.zip,Paper/Weixin Image_20260128194934.jpg,.jpg,153998,f114b9d0d29944475905394b8d539c628bd2c84219d082b2174ba55d75e4d014
Paper.zip,Paper/Weixin Image_20260128201422.jpg,.jpg,493271,f6c143256d64ccbb2095a2d923014c06cc4d596d73b615585917aaae53d6b95b
Paper.zip,Paper/Weixin Image_20260128201427.jpg,.jpg,569982,9adf7835d64c245c12760616b16541b302999d162009e22380bf2ca650fd87bc
Paper.zip,Paper/Weixin Image_20260128202626.png,.png,137964,1a3abbba259a3c9f9ff3ff42ba094e3420453c00d35331febb384db3816f0a0d
Paper.zip,Paper/Weixin Image_20260128202658.jpg,.jpg,346491,c2e5e2613a49c8b8c49a606fc6ee4dbb91505ad700c3fe7346e866a19f6cba6e
Paper.zip,Paper/Weixin Image_20260129163918.png,.png,285979,ff492e5cf05fb2c7444f995e13f5bcf8382951aebfef809df94a201a815f106f
Paper.zip,Paper/Weixin Image_20260129163924.png,.png,192277,81159b0e0544b3a191f8975c6a014df84e105509687accde22a091ed15d1777b
Paper.zip,Paper/Weixin Image_20260129163937.png,.png,201275,f4558f07680d5459266c8b1f1a191fb1253e8a0fd19ef6d1187580160571ead4
Paper.zip,Paper/Weixin Image_20260129163941.png,.png,208532,c1957b42d0c99a5bd6f85a71d06aeb127f45f243ed68978db54c3dbc22a8130c
Paper.zip,Paper/Weixin Image_20260129171131.png,.png,1216672,a8a9612e2d115e5efb330772a7c8c88c86388bc4fe93682fdb290077c1186f00
Paper.zip,Paper/Weixin Image_20260129171152.png,.png,2101281,16aae7b75f8c8c7b9961d7c858e198bb2d90a1ffa2ad0243d47b957ce5b9c78c
Paper.zip,Paper/Weixin Image_20260130172624.png,.png,1502771,93ad4e8a866625c9f068415df5175e6d03186cf56cb0a341e81b91f8198be5d6
Paper.zip,Paper/Weixin Image_20260218195058.jpg,.jpg,4228687,8594f3ea7e22956351f53055c30d74be632339362f0ac003f0eb8c044b97e25f
Essay.zip,Essay/2025-2026 NAIS CTB Team#952567 (2).pdf,.pdf,100578498,720895900429728a8e507c4efa8a61b3c184f6a58bca9b0bc44b244be4ce441e
Essay.zip,Essay/2025-2026 NAIS CTB Team#952567 (3).pdf,.pdf,96978754,2004f2a43abfa58c83f7e188b8f63a51b4f5262e83a62bb68d32858dac08cab6
Essay.zip,Essay/2025-2026 NAIS CTB Team#952567 （1）.pdf,.pdf,99352208,0a58a263a167ab0cc7f781883abe1e592bbd23af81db78d7d2b162f59873cb62
Essay.zip,Essay/Survey for Students Learning Advanced.pdf,.pdf,249505,325f3ac1232758b98eaff3c49c868d0f133bb0fbe3f3c667a0813e38c49f249c
Essay.zip,Essay/有关生物学习平台的调查问卷(1).pdf,.pdf,4132878,51f3602940aae2146dd9d6b586cca6573822006c713a91b1a71ff02bdf5ce144
Duty.zip,Duty/25-26 Final Delierabales Meeting Agenda CN.pdf,.pdf,327026,2866b261df3379efd4f4b1e863c12d006e0f81b6fd23fbc7af7880dcf3b55a1d
Duty.zip,Duty/25-26 Kickoff Meeting Agenda CN.pdf,.pdf,328206,208828dc20d597a5b9a8e4973a561cb9fa58221b8a7405f06f0b9155ad2f4005
Duty.zip,Duty/25-26 Regular Meeting CN.pdf,.pdf,195460,9fe1528ec8a3b11bc7396a4d711f522587bf2cf98f440a65b74cfc202ac14e52
Duty.zip,Duty/Calc. Final.one,.one,8340816,903e7af50445a6b00ccc685c8ee723b6bdf447ead03a8ea54326698fdab40340
Duty.zip,Duty/CTB meeting2.pdf,.pdf,166800,e12cc57e88bd8fccd2501765ab8283598581a8cd842701b1e549b41dbfa706b6
Duty.zip,Duty/da4ebd48cd0158172a7e51025563d2af_c7229fffba54489ebce21a30945b9a33_8.docx,.docx,177140,1479e618a5e7acf4d0eb61ed35fab0020bd42946f7fb9b8e7443fbc03166e6ba
Duty.zip,Duty/f0b75e05fa23d5042f868529dbf7ad33_e94bbae0c8995f79f3dd12cbfcab20e7_8.docx,.docx,424539,bebc4def3128be3e4856cd8d0c88ed4ca663c231f21975770efe77c5fa109094
Duty.zip,Duty/Weixin Image_20260219232400.png,.png,6952512,38fd8045be3de187c2adaaf786f56bd55609b9f963e47708f2798646a219feae
Duty.zip,Duty/Weixin Image_20260219232408.png,.png,1759710,472a6941ef592132a02da5be418381ddeb9718a8aa9ab07e7cbb9c197c3a36d2
Duty.zip,Duty/Weixin Image_20260219232411.png,.png,2024598,8462ebb8b5c84cdbdd8e44ee28787747926123e91e8d9023982bf6670fb77224
Duty.zip,Duty/周例会3.pdf,.pdf,287121,76eac921f6d1cdf7f42e1009e79b985b67ddff56240dd3dce88d66fe61dd4b91
Duty.zip,Duty/有关生物学习平台开放的调查问卷.pdf,.pdf,4132347,ff21a4198b3f464e0c78b3368d1baa8a119d29a02bce1685fc00d76687daa2f9
Curriculum demo.zip,Curriculum demo/Curriculumn Design.one,.one,32032088,7c23504709e807b2fcf102846a2aba0e8502aec906d4d54805ce767c2ab394d7
Curriculum demo.zip,Curriculum demo/Curriculumn Design.pdf,.pdf,14494556,a430cfc2f4ed16b8196e7564c3cb7eb17d4ac7e5c708e6e77017200a1455a97d
Broadcast.zip,Broadcast/Introduction/Video/Weixin Image_20251230095310.jpg,.jpg,1470375,a3cec78754b8a917e65c60cf6044b684dc6e7d83a6d280986acf05172153698b
Broadcast.zip,Broadcast/Introduction/Video/Weixin Image_20251230095349.jpg,.jpg,1488664,6fcae95dfe1d43aa88d49065b5ffb41d4d72e4bad6980d68ed652491a84d87b7
Broadcast.zip,Broadcast/Introduction/Video/Weixin Image_20251230095353.jpg,.jpg,1510713,90619a36b80add18f7bff1445d21afcda8ff25d20395a72bb5b09be243e9d4aa
Broadcast.zip,Broadcast/Introduction/Video/ZAF/WeChat_20251230131653.mp4,.mp4,1422978,528be89a7c9aa06ffbdfd78111fef5de41f547723079fed75bf97d3f5a5f0fa2
Broadcast.zip,Broadcast/Introduction/Video/ZAF/WeChat_20251230131702.mp4,.mp4,373392,24251b3ba1e59fc9768cbb72277c23e1dd1d0fc46e33428fa1ef66cc7b6200a4
Broadcast.zip,Broadcast/Introduction/Video/ZAF/WeChat_20251230131706.mp4,.mp4,898992,eea26d6f20e1724384b9ab702fcef42b6c3dbb91f1ce3edfbf500a17acfad223
Broadcast.zip,Broadcast/Introduction/Video/ZAF/WeChat_20251230131709.mp4,.mp4,409943,5ea77a75e04cdb2d4978d6d1e0c508cb9b3e8cb4fd70244aeb6e178b83127a4e
Broadcast.zip,Broadcast/Introduction/Video/ZAF/WeChat_20251230133552.mp4,.mp4,2916789,b0a6b22774e1cba01c2c6f2b064c5f6a02f36e3d0fe4a95596d3ac58ecd70062
Broadcast.zip,Broadcast/Introduction/Video/ZAF/WeChat_20251230133648.mp4,.mp4,7050459,2fdab5df3e5a776e2e1017a1ffa778536bff3e8e25ce294cfab8744030f4b575
Broadcast.zip,Broadcast/Introduction/Video/ZAF/WeChat_20251230133715.mp4,.mp4,5085806,c1e5f88a60ed15cab8c4041970cbd0eed07415f7c0db49dc6aef985638540cc3
Broadcast.zip,Broadcast/Introduction/Video/ZAF/Weixin Image_20251230095349.jpg,.jpg,112973,93cdd8148e120b763d8775f6b797884b49ea2f5d590d955677fb502a5a88baf9
Broadcast.zip,Broadcast/Introduction/Video/ZAF/Weixin Image_20251230131641.jpg,.jpg,93553,14163069c790c4ce1d4fc0190994f618cbf242082ffda9d8a3783bac3388ddb6
Broadcast.zip,Broadcast/Introduction/Video/ZAF/Weixin Image_20251230131645.jpg,.jpg,120615,94af7e4258d20428c6540078a6b9bd9834ab33782cf84ff78c1137a385c627f4
Broadcast.zip,Broadcast/Introduction/Video/ZAF/Weixin Image_20251230131648.jpg,.jpg,175885,431223f875cfe4997ce5637d95eacdf11bcaac5a066f5208b5b7a546465f7208
Broadcast.zip,Broadcast/Introduction/Video/ZAF/Weixin Image_20251230133001.jpg,.jpg,337024,020b0f28c59936f0c93f6c55a5af7770f8733e2c769a77bfbb66f2486962eb01
Broadcast.zip,Broadcast/Introduction/Video/ZAF/Weixin Image_20251230134121.jpg,.jpg,8344643,eac18324d008f7b19bd7d4dcfb6452bca1f7818fbef3a418d0c581ce536315b7
Broadcast.zip,Broadcast/Introduction/Video/ZAF/Weixin Image_20251230134532.jpg,.jpg,3231540,fb73ecaff20a96e906816038b70cd2e1313cd755f08e8a6dc1b7a68a94c6f9b7
Broadcast.zip,Broadcast/Weixin Image_20260201232022.png,.png,2762588,6201cb1e15f92a164776364f9a3c9c211d8d076176df16a505462894b19f241e
BioVison DevLog.zip,BioVison DevLog/BioVision/BioVision Edu UI design 1.0(1).pdf,.pdf,4829199,e3ebb710c34e6b27562bb7fde30b0f2c6546d318d2dfa5250bacf3eea9883ae2
BioVison DevLog.zip,BioVison DevLog/BioVision/index.html,.html,132234,5ae7780dce99781153683ee3507129f06eb74eeca191ab36d6303be363448da6
BioVison DevLog.zip,BioVison DevLog/BioVision/pattern.jpg,.jpg,53618,1c34facb011ebe0d2194dce66c3a17a7caacfbdf763cfcfd6097d3861d17b0c8
BioVison DevLog.zip,BioVison DevLog/BioVision/README.md,.md,25,68491a26442e1b9d2fc30985a5b8a57d602dae5310a9ad1fec830b2b785dfd88
BioVison DevLog.zip,BioVison DevLog/BioVision/script.js,.js,261821,d1ac7162ac894fb3ca532e19bb328305fe4c17fce949164e2ac164e77723d029
BioVison DevLog.zip,BioVison DevLog/BioVision/style.css,.css,98900,6d7016f0c41beb2ad04bff93f4236f705ea556d2130254798d560fa09c2155e3
BioVison DevLog.zip,BioVison DevLog/BioVision/Weekly Plan(1).docx,.docx,22915,35f392c47974f99b3eb184625e507a6f7ca9a287dffa0273eeecb88f3a1a2410
BioVison DevLog.zip,BioVison DevLog/BioVision/网页修改.docx,.docx,11417,7662353c3e6ebbe9452fa67fae1cd7833ef290c2093f656a85455ebb7b8e2309
BioVison DevLog.zip,BioVison DevLog/打开笔记本.onetoc2,.onetoc2,7680,b54e9f2765a84fee3c491d2433afc3f469fddee3780ecac442e04ccd23761f07
BioVison DevLog.zip,BioVison DevLog/新分区 1.one,.one,590040,a59e7f722153bace5b806f4efcffd2dc78a476d1fa977995a88d5341c980f8c6
BioVison DevLog.zip,BioVison DevLog/新分区 2.one,.one,29305920,b698996ca5bf5651093a771f4184286109198ae4f8362d80ec0a1de69ec489cf
BioVison DevLog.zip,BioVison DevLog/新分区 3.one,.one,10824,11214057e7dde3c60c9c8a9fb1b408b4eac1f89736186856029ae038d8edd5da
BioVison DevLog.zip,BioVison DevLog/新分区 4.one,.one,44442088,e0d72bf92db0968c48554418fad5a3ebc80bbf6bc381741ecdcad8e46e1c3bd0
BioVison DevLog.zip,BioVison DevLog/新分区 5.one,.one,39892904,042e42309893ead4c16ed8fcc93db564cb92a596e6ce2ccf74c5d4e508af9dea
Animation（Chara.zip,Animation（Chara/Unit1/Audio/34 9.13.mp3,.mp3,1128906,b6685b5c3d0ff5092567d1ce6b649499305eeb0b68cf971299eae656dcbcf19c
Animation（Chara.zip,Animation（Chara/Unit1/Audio/bzd1.mp3,.mp3,1073664,65684be59df263a88f010d897995ca8b9268ba84fc45444eaca1e512889fc4ae
Animation（Chara.zip,Animation（Chara/Unit1/Audio/duang2.mp3,.mp3,1073664,90982f6877cd43bbf153ea0dd8913fdb9bcb3b931ee112f56c82c8c11b361d90
Animation（Chara.zip,Animation（Chara/Unit1/Audio/Intro.mp3,.mp3,1072900,48ec691e3d1422173aa2c0e99b96b9a2102796ca8c442977ec215787fc9ade11
Animation（Chara.zip,Animation（Chara/Unit1/Audio/kuang.mp3,.mp3,1073664,147489f6245635167fe852419be2b30353b4a1a359f7c8c78b69bad7ea9b1b9a
Animation（Chara.zip,Animation（Chara/Unit1/Character Design/Weixin Image_20251227214144.png,.png,2319780,b4baa7056fb237651485b60a11b7730502aea093b1255c946bfbc7230dd32710
Animation（Chara.zip,Animation（Chara/Unit1/Character Design/Weixin Image_20251227214146.png,.png,2332954,2a1aba1e44f88288ba54b5fc553e35ab69454ec2bdfbe39c5289afd27256228e
Animation（Chara.zip,Animation（Chara/Unit1/Character Design/Weixin Image_20251227214148.png,.png,2312296,2167c9ff889c5e80f2a84337c0d3ffe4556e8211946c1daf08eaf55a9ce15ba5
Animation（Chara.zip,Animation（Chara/Unit1/Character Design/Weixin Image_20251227214151.png,.png,2311635,496c5d0577e7de8efaac58e5e66995cc6aa285c55b62ab17769f496227359239
Animation（Chara.zip,Animation（Chara/Unit1/Character Design/Weixin Image_20251227214153.png,.png,2765219,4738be65ca646a1df9ac73f3e373829428f23cc6d4990b31dc1a36c47df46ab4
Animation（Chara.zip,Animation（Chara/Unit1/Character Design/Weixin Image_20251227214154.png,.png,2766665,6eb5910c40cb4671a344ce340fc1bbba7367352945937a047ba1a2791c72650d
Animation（Chara.zip,Animation（Chara/Unit1/Character Design/Weixin Image_20251227214155.png,.png,2773067,2f143b830bfc16849b6c4ca3b899ab34188285bc74e9adf782de01740661429a
Animation（Chara.zip,Animation（Chara/Unit1/Character Design/Weixin Image_20251227214159.png,.png,3144015,7171e2b5e40a2a8e5974176aba6e8785c0e12663d09c7a1d528c8c1b986ad65f
Animation（Chara.zip,Animation（Chara/Unit1/Character Design/Weixin Image_20251227214203.png,.png,3153821,3e7bdafb5ce9ba980ab310a069487127a5616ef4cce0cf2815eebc799b7f7383
Animation（Chara.zip,Animation（Chara/Unit1/Character Design/Weixin Image_20251227214207.png,.png,3144641,e6c1c80e41d5d4ae6f265f83a16518427f7ae333c29b93f7d4d2a7829e17b303
Animation（Chara.zip,Animation（Chara/Unit1/Character Design/Weixin Image_20251227214211.png,.png,4337177,510bc5d01d86db4171fe6021ba299f7c819afd70df60d8927e85166ec0d61adc
Animation（Chara.zip,Animation（Chara/Unit1/Character Design/Weixin Image_20251227214220.png,.png,4340174,0933a9e78eba403122f5feb7038a73796c33310392834fc1975239567a8c6dab
Animation（Chara.zip,Animation（Chara/Unit1/Character Design/Weixin Image_20251227214228.png,.png,4322015,450e32d71757ae5c041dcb363fa9548243b975ef66b7e1560fd8a2b2a08a93ca
Animation（Chara.zip,Animation（Chara/Unit1/Character Design/Weixin Image_20251227214233.png,.png,4319093,74b48f4d6b3a365448ae4745a8e8486643a24e031b0de6366179fe1635638d6c
Animation（Chara.zip,Animation（Chara/Unit1/Character Design/Weixin Image_20251227214240.png,.png,7238653,a337713620361c605b0846e5e085fda7361b30a065678a79a4ad984c83de9278
Animation（Chara.zip,Animation（Chara/Unit1/Character Design/Weixin Image_20251227214249.png,.png,7238209,9e6eeb07388e140ac3c1909e3dc5df1a15f291777618891f31c084e32445d9a3
Animation（Chara.zip,Animation（Chara/Unit1/Character Design/Weixin Image_20251227214300.png,.png,4145553,5f26fd1933659c02eac1803ea0ec82880b6e76c45fa13efa2055747b502156d3
Animation（Chara.zip,Animation（Chara/Unit1/Character Design/Weixin Image_20251227214303.png,.png,4120190,1cdbf0c4c7e76efbca1668c3e7ecf2eb1872d86fd46c434de035072cd143e4ed
Animation（Chara.zip,Animation（Chara/Unit1/Character Design/Weixin Image_20251227214309.png,.png,4122616,a48d9be0c70890b1d39ec9924650928fb94ca6c0cde9317784fa6b175ea444dd
Animation（Chara.zip,Animation（Chara/Unit1/Character Design/Weixin Image_20251227214315.png,.png,8152202,05988afc14584c82143b129044b460ad5626fac13d12de2d5c6974b18dcf41d0
Animation（Chara.zip,Animation（Chara/Unit1/Character Design/Weixin Image_20251227214326.png,.png,8152817,7916c3e5766df601381875dc1e45be40c7c69f1c80f338a27332c8c7abc5f717
Animation（Chara.zip,Animation（Chara/Unit1/Character Design/Weixin Image_20251227214335.png,.png,8139832,4f8919c5c032a51575d7559688f236fcf6abe20a823d1453682f1a677b87fb2d
Animation（Chara.zip,Animation（Chara/Unit1/Character Design/Weixin Image_20251227214344.png,.png,8134309,e194279e0163998c71f148cf044407b63b0beee7efef46c702cd5aff63bbdde4
Animation（Chara.zip,Animation（Chara/Unit1/Character Design/Weixin Image_20251227214353.png,.png,4804910,80ad71dd056d5f765f53369429900da58eb4abad8e4cf6f93992ce04d42fc6ce
Animation（Chara.zip,Animation（Chara/Unit1/Character Design/Weixin Image_20251227214402.png,.png,4810713,e89bd392550216e55071d2b2e773709124a467beefcc35c9bdbff38759b0931f
Animation（Chara.zip,Animation（Chara/Unit1/Character Design/Weixin Image_20251227214407.png,.png,4804756,ba9a8a34f6d3bb46237d9bac3580a391a5387a8a49c21d1f8b3bff5ea24a9034
Animation（Chara.zip,Animation（Chara/Unit1/Character Design/Weixin Image_20251227214411.png,.png,4797301,f60ea4574072c2ce450d9db6e6b3ec3363c34d02ffc75b8af1bb663576f94dd3
Animation（Chara.zip,Animation（Chara/Unit1/Character Design/Weixin Image_20251227214414.png,.png,3650177,b66e95a6830aab91f124deb3197b43577fb4d720e315cf96ad3eba15471af12e
Animation（Chara.zip,Animation（Chara/Unit1/Character Design/Weixin Image_20251227214417.png,.png,3624505,dc79031a967986a3e88a4f4261ae56eecb5ba8da8c3c7f10c87117167c7f25f9
Animation（Chara.zip,Animation（Chara/Unit1/Character Design/Weixin Image_20251227214419.png,.png,3634426,051ea2092d1aced0fe2c72bf162d841855ebb5a898eb1b161ed583d7c21bb962
Animation（Chara.zip,Animation（Chara/Unit1/Character Design/Weixin Image_20251227214423.png,.png,3627098,c9f9b0dea0e279377b8acdf6f10d8d932ee101bfb0461cd7ee3ef81c8fef3789
Animation（Chara.zip,Animation（Chara/Unit1/Character Design/Weixin Image_20251229205653.png,.png,2293707,cc81803e70cc4cb111b40035e81ef9bfe2e6fd9a580f14bb6ab641d9e7c1190d
Animation（Chara.zip,Animation（Chara/Unit1/Character Design/Weixin Image_20260126184619.png,.png,3208437,e908b39af2ea0226bbf4470570afd5a76fe00e81ecb41f07a6cae4450fdfd86a
Animation（Chara.zip,Animation（Chara/Unit1/Character Design/Weixin Image_20260126191700.png,.png,3671797,aea47451c69ce3ec86b188fa5058848cd0d3cf75eb4394c6119bc4ff1941b281
Animation（Chara.zip,Animation（Chara/Unit1/cyclic-adenosine-monophosphate-camp-second-messenger-molecule-skeletal-formula-plays-role-intracellular-signal-transduction-237370528.webp,.webp,34520,5432b993281ec1ac54b5e211c11c636f53ee79b55968fbba0e0db220c5b0d6da
3D Animation.zip,3D Animation/Break down/1月21日(1).mp4,.mp4,624364,062fcc7f703c35723374e196e2d656f0044bce08793576464bfd98f0ed461445
3D Animation.zip,3D Animation/Break down/1月21日(2).mp4,.mp4,432542,bd617fc7a46df872f3df1a65e1f0bd66cceaa13df36a1179cb55f26e1679e8ed
3D Animation.zip,3D Animation/Break down/1月21日(3).mp4,.mp4,398554,142c76bb9b05c56009e9ee9ca5b709a5fabf67f18509a1ff84685528c3640647
3D Animation.zip,3D Animation/Break down/1月21日.mp4,.mp4,381938,f5d52986fc24df62a7e962b5622126395c2cf768fee1503d0126b79dfa81251c
3D Animation.zip,3D Animation/WeChat_20260121103141.mp4,.mp4,185112,b968826a8c119a62889ddc087fad10161fbbb0978beaff69ceb2fb10a89ac1c1
3D Animation.zip,3D Animation/WeChat_20260121103827.mp4,.mp4,9650083,46798ac277d59a298248dfbb4c0ab96e4f309e25e4be8e56f107f829cced6ee2
3D Animation.zip,3D Animation/WeChat_20260121103827.zip,.zip,9625253,74ba1a6d9b1397eac1a234b621f264e18d96f321b7e0d4df037c69702a8d87ef
WeChat_20260121103827.zip,3D Animation/WeChat_20260121103827-contents/WeChat_20260121103827.mp4,.mp4,9650083,46798ac277d59a298248dfbb4c0ab96e4f309e25e4be8e56f107f829cced6ee2
